"","x"
"1","ptsd"
"2","assistance"
"3","ptsd"
"4","relationships"
"5","survivorsofabuse"
"6","relationships"
"7","domesticviolence"
"8","anxiety"
"9","relationships"
"10","assistance"
"11","anxiety"
"12","anxiety"
"13","anxiety"
"14","homeless"
"15","anxiety"
"16","relationships"
"17","anxiety"
"18","domesticviolence"
"19","assistance"
"20","relationships"
"21","domesticviolence"
"22","survivorsofabuse"
"23","ptsd"
"24","ptsd"
"25","survivorsofabuse"
"26","ptsd"
"27","anxiety"
"28","assistance"
"29","relationships"
"30","anxiety"
"31","ptsd"
"32","stress"
"33","domesticviolence"
"34","assistance"
"35","homeless"
"36","anxiety"
"37","survivorsofabuse"
"38","relationships"
"39","domesticviolence"
"40","ptsd"
"41","anxiety"
"42","anxiety"
"43","assistance"
"44","anxiety"
"45","anxiety"
"46","ptsd"
"47","domesticviolence"
"48","assistance"
"49","homeless"
"50","domesticviolence"
"51","relationships"
"52","ptsd"
"53","ptsd"
"54","domesticviolence"
"55","domesticviolence"
"56","relationships"
"57","ptsd"
"58","anxiety"
"59","ptsd"
"60","ptsd"
"61","survivorsofabuse"
"62","ptsd"
"63","anxiety"
"64","anxiety"
"65","anxiety"
"66","ptsd"
"67","relationships"
"68","assistance"
"69","anxiety"
"70","survivorsofabuse"
"71","stress"
"72","ptsd"
"73","ptsd"
"74","relationships"
"75","ptsd"
"76","relationships"
"77","homeless"
"78","anxiety"
"79","assistance"
"80","ptsd"
"81","survivorsofabuse"
"82","assistance"
"83","relationships"
"84","relationships"
"85","anxiety"
"86","survivorsofabuse"
"87","assistance"
"88","relationships"
"89","assistance"
"90","relationships"
"91","anxiety"
"92","assistance"
"93","relationships"
"94","anxiety"
"95","stress"
"96","anxiety"
"97","anxiety"
"98","domesticviolence"
"99","domesticviolence"
"100","domesticviolence"
"101","assistance"
"102","ptsd"
"103","survivorsofabuse"
"104","ptsd"
"105","ptsd"
"106","ptsd"
"107","anxiety"
"108","anxiety"
"109","relationships"
"110","domesticviolence"
"111","relationships"
"112","ptsd"
"113","homeless"
"114","assistance"
"115","anxiety"
"116","ptsd"
"117","ptsd"
"118","domesticviolence"
"119","relationships"
"120","anxiety"
"121","ptsd"
"122","ptsd"
"123","homeless"
"124","anxiety"
"125","assistance"
"126","relationships"
"127","relationships"
"128","stress"
"129","relationships"
"130","relationships"
"131","ptsd"
"132","anxiety"
"133","anxiety"
"134","relationships"
"135","assistance"
"136","domesticviolence"
"137","relationships"
"138","relationships"
"139","relationships"
"140","anxiety"
"141","domesticviolence"
"142","almosthomeless"
"143","ptsd"
"144","domesticviolence"
"145","anxiety"
"146","ptsd"
"147","anxiety"
"148","ptsd"
"149","relationships"
"150","ptsd"
"151","assistance"
"152","relationships"
"153","homeless"
"154","anxiety"
"155","ptsd"
"156","food_pantry"
"157","relationships"
"158","homeless"
"159","domesticviolence"
"160","anxiety"
"161","anxiety"
"162","anxiety"
"163","ptsd"
"164","ptsd"
"165","domesticviolence"
"166","relationships"
"167","anxiety"
"168","relationships"
"169","relationships"
"170","relationships"
"171","survivorsofabuse"
"172","assistance"
"173","assistance"
"174","relationships"
"175","domesticviolence"
"176","relationships"
"177","relationships"
"178","anxiety"
"179","relationships"
"180","anxiety"
"181","ptsd"
"182","survivorsofabuse"
"183","food_pantry"
"184","ptsd"
"185","anxiety"
"186","homeless"
"187","relationships"
"188","domesticviolence"
"189","almosthomeless"
"190","homeless"
"191","anxiety"
"192","domesticviolence"
"193","anxiety"
"194","survivorsofabuse"
"195","domesticviolence"
"196","assistance"
"197","assistance"
"198","ptsd"
"199","ptsd"
"200","ptsd"
"201","assistance"
"202","domesticviolence"
"203","anxiety"
"204","homeless"
"205","relationships"
"206","anxiety"
"207","domesticviolence"
"208","homeless"
"209","anxiety"
"210","survivorsofabuse"
"211","ptsd"
"212","anxiety"
"213","domesticviolence"
"214","ptsd"
"215","domesticviolence"
"216","ptsd"
"217","anxiety"
"218","homeless"
"219","anxiety"
"220","anxiety"
"221","anxiety"
"222","ptsd"
"223","domesticviolence"
"224","assistance"
"225","anxiety"
"226","anxiety"
"227","domesticviolence"
"228","survivorsofabuse"
"229","anxiety"
"230","relationships"
"231","anxiety"
"232","ptsd"
"233","ptsd"
"234","assistance"
"235","anxiety"
"236","relationships"
"237","domesticviolence"
"238","relationships"
"239","relationships"
"240","domesticviolence"
"241","relationships"
"242","relationships"
"243","ptsd"
"244","ptsd"
"245","domesticviolence"
"246","ptsd"
"247","homeless"
"248","ptsd"
"249","relationships"
"250","stress"
"251","anxiety"
"252","relationships"
"253","survivorsofabuse"
"254","almosthomeless"
"255","assistance"
"256","anxiety"
"257","ptsd"
"258","relationships"
"259","ptsd"
"260","ptsd"
"261","homeless"
"262","relationships"
"263","anxiety"
"264","relationships"
"265","domesticviolence"
"266","assistance"
"267","anxiety"
"268","anxiety"
"269","assistance"
"270","almosthomeless"
"271","domesticviolence"
"272","anxiety"
"273","almosthomeless"
"274","anxiety"
"275","anxiety"
"276","domesticviolence"
"277","relationships"
"278","relationships"
"279","domesticviolence"
"280","ptsd"
"281","ptsd"
"282","domesticviolence"
"283","relationships"
"284","ptsd"
"285","relationships"
"286","domesticviolence"
"287","anxiety"
"288","relationships"
"289","ptsd"
"290","domesticviolence"
"291","domesticviolence"
"292","ptsd"
"293","domesticviolence"
"294","ptsd"
"295","domesticviolence"
"296","domesticviolence"
"297","assistance"
"298","relationships"
"299","domesticviolence"
"300","anxiety"
"301","relationships"
"302","relationships"
"303","survivorsofabuse"
"304","almosthomeless"
"305","relationships"
"306","assistance"
"307","survivorsofabuse"
"308","ptsd"
"309","assistance"
"310","ptsd"
"311","ptsd"
"312","anxiety"
"313","domesticviolence"
"314","ptsd"
"315","ptsd"
"316","relationships"
"317","relationships"
"318","assistance"
"319","relationships"
"320","homeless"
"321","survivorsofabuse"
"322","domesticviolence"
"323","homeless"
"324","anxiety"
"325","domesticviolence"
"326","anxiety"
"327","domesticviolence"
"328","survivorsofabuse"
"329","ptsd"
"330","relationships"
"331","relationships"
"332","anxiety"
"333","ptsd"
"334","ptsd"
"335","survivorsofabuse"
"336","homeless"
"337","assistance"
"338","assistance"
"339","anxiety"
"340","assistance"
"341","homeless"
"342","survivorsofabuse"
"343","ptsd"
"344","domesticviolence"
"345","domesticviolence"
"346","relationships"
"347","stress"
"348","anxiety"
"349","homeless"
"350","ptsd"
"351","homeless"
"352","homeless"
"353","survivorsofabuse"
"354","homeless"
"355","ptsd"
"356","ptsd"
"357","ptsd"
"358","domesticviolence"
"359","domesticviolence"
"360","anxiety"
"361","survivorsofabuse"
"362","anxiety"
"363","anxiety"
"364","relationships"
"365","ptsd"
"366","survivorsofabuse"
"367","survivorsofabuse"
"368","homeless"
"369","survivorsofabuse"
"370","ptsd"
"371","ptsd"
"372","anxiety"
"373","assistance"
"374","almosthomeless"
"375","ptsd"
"376","anxiety"
"377","domesticviolence"
"378","ptsd"
"379","relationships"
"380","anxiety"
"381","assistance"
"382","anxiety"
"383","assistance"
"384","anxiety"
"385","domesticviolence"
"386","domesticviolence"
"387","ptsd"
"388","relationships"
"389","domesticviolence"
"390","ptsd"
"391","domesticviolence"
"392","anxiety"
"393","ptsd"
"394","anxiety"
"395","anxiety"
"396","ptsd"
"397","domesticviolence"
"398","relationships"
"399","domesticviolence"
"400","stress"
"401","relationships"
"402","homeless"
"403","anxiety"
"404","domesticviolence"
"405","domesticviolence"
"406","relationships"
"407","relationships"
"408","ptsd"
"409","relationships"
"410","relationships"
"411","relationships"
"412","ptsd"
"413","ptsd"
"414","relationships"
"415","assistance"
"416","anxiety"
"417","domesticviolence"
"418","anxiety"
"419","survivorsofabuse"
"420","ptsd"
"421","survivorsofabuse"
"422","ptsd"
"423","anxiety"
"424","relationships"
"425","domesticviolence"
"426","assistance"
"427","domesticviolence"
"428","homeless"
"429","domesticviolence"
"430","relationships"
"431","ptsd"
"432","relationships"
"433","assistance"
"434","relationships"
"435","assistance"
"436","assistance"
"437","survivorsofabuse"
"438","assistance"
"439","almosthomeless"
"440","assistance"
"441","relationships"
"442","anxiety"
"443","domesticviolence"
"444","domesticviolence"
"445","anxiety"
"446","survivorsofabuse"
"447","stress"
"448","anxiety"
"449","relationships"
"450","homeless"
"451","domesticviolence"
"452","assistance"
"453","relationships"
"454","relationships"
"455","relationships"
"456","relationships"
"457","anxiety"
"458","survivorsofabuse"
"459","domesticviolence"
"460","anxiety"
"461","ptsd"
"462","survivorsofabuse"
"463","ptsd"
"464","anxiety"
"465","ptsd"
"466","anxiety"
"467","survivorsofabuse"
"468","ptsd"
"469","survivorsofabuse"
"470","relationships"
"471","ptsd"
"472","survivorsofabuse"
"473","domesticviolence"
"474","relationships"
"475","survivorsofabuse"
"476","homeless"
"477","ptsd"
"478","anxiety"
"479","ptsd"
"480","domesticviolence"
"481","anxiety"
"482","survivorsofabuse"
"483","ptsd"
"484","relationships"
"485","domesticviolence"
"486","relationships"
"487","homeless"
"488","ptsd"
"489","anxiety"
"490","food_pantry"
"491","survivorsofabuse"
"492","relationships"
"493","almosthomeless"
"494","ptsd"
"495","homeless"
"496","survivorsofabuse"
"497","relationships"
"498","relationships"
"499","assistance"
"500","anxiety"
"501","relationships"
"502","stress"
"503","homeless"
"504","domesticviolence"
"505","assistance"
"506","ptsd"
"507","ptsd"
"508","relationships"
"509","relationships"
"510","ptsd"
"511","assistance"
"512","ptsd"
"513","domesticviolence"
"514","relationships"
"515","assistance"
"516","survivorsofabuse"
"517","anxiety"
"518","ptsd"
"519","assistance"
"520","anxiety"
"521","anxiety"
"522","ptsd"
"523","survivorsofabuse"
"524","anxiety"
"525","ptsd"
"526","relationships"
"527","domesticviolence"
"528","relationships"
"529","ptsd"
"530","ptsd"
"531","homeless"
"532","ptsd"
"533","anxiety"
"534","food_pantry"
"535","assistance"
"536","relationships"
"537","ptsd"
"538","assistance"
"539","anxiety"
"540","relationships"
"541","ptsd"
"542","survivorsofabuse"
"543","domesticviolence"
"544","anxiety"
"545","relationships"
"546","domesticviolence"
"547","domesticviolence"
"548","ptsd"
"549","anxiety"
"550","assistance"
"551","ptsd"
"552","anxiety"
"553","relationships"
"554","relationships"
"555","assistance"
"556","relationships"
"557","relationships"
"558","relationships"
"559","ptsd"
"560","food_pantry"
"561","survivorsofabuse"
"562","anxiety"
"563","relationships"
"564","anxiety"
"565","food_pantry"
"566","assistance"
"567","ptsd"
"568","ptsd"
"569","food_pantry"
"570","relationships"
"571","ptsd"
"572","ptsd"
"573","survivorsofabuse"
"574","ptsd"
"575","domesticviolence"
"576","domesticviolence"
"577","ptsd"
"578","ptsd"
"579","relationships"
"580","ptsd"
"581","ptsd"
"582","relationships"
"583","assistance"
"584","assistance"
"585","ptsd"
"586","relationships"
"587","relationships"
"588","domesticviolence"
"589","domesticviolence"
"590","ptsd"
"591","domesticviolence"
"592","homeless"
"593","almosthomeless"
"594","ptsd"
"595","domesticviolence"
"596","assistance"
"597","anxiety"
"598","ptsd"
"599","relationships"
"600","ptsd"
"601","food_pantry"
"602","ptsd"
"603","domesticviolence"
"604","assistance"
"605","food_pantry"
"606","ptsd"
"607","anxiety"
"608","assistance"
"609","relationships"
"610","anxiety"
"611","domesticviolence"
"612","survivorsofabuse"
"613","anxiety"
"614","food_pantry"
"615","homeless"
"616","relationships"
"617","anxiety"
"618","ptsd"
"619","homeless"
"620","ptsd"
"621","relationships"
"622","ptsd"
"623","survivorsofabuse"
"624","ptsd"
"625","almosthomeless"
"626","anxiety"
"627","domesticviolence"
"628","survivorsofabuse"
"629","almosthomeless"
"630","survivorsofabuse"
"631","ptsd"
"632","domesticviolence"
"633","domesticviolence"
"634","anxiety"
"635","survivorsofabuse"
"636","relationships"
"637","assistance"
"638","ptsd"
"639","anxiety"
"640","anxiety"
"641","assistance"
"642","domesticviolence"
"643","ptsd"
"644","food_pantry"
"645","anxiety"
"646","anxiety"
"647","relationships"
"648","survivorsofabuse"
"649","relationships"
"650","relationships"
"651","ptsd"
"652","relationships"
"653","assistance"
"654","ptsd"
"655","stress"
"656","ptsd"
"657","assistance"
"658","relationships"
"659","survivorsofabuse"
"660","ptsd"
"661","ptsd"
"662","anxiety"
"663","ptsd"
"664","relationships"
"665","survivorsofabuse"
"666","relationships"
"667","relationships"
"668","domesticviolence"
"669","anxiety"
"670","relationships"
"671","relationships"
"672","relationships"
"673","anxiety"
"674","ptsd"
"675","survivorsofabuse"
"676","relationships"
"677","relationships"
"678","assistance"
"679","ptsd"
"680","relationships"
"681","homeless"
"682","relationships"
"683","domesticviolence"
"684","assistance"
"685","ptsd"
"686","domesticviolence"
"687","ptsd"
"688","ptsd"
"689","relationships"
"690","assistance"
"691","relationships"
"692","ptsd"
"693","domesticviolence"
"694","anxiety"
"695","ptsd"
"696","anxiety"
"697","ptsd"
"698","assistance"
"699","survivorsofabuse"
"700","food_pantry"
"701","survivorsofabuse"
"702","relationships"
"703","assistance"
"704","homeless"
"705","anxiety"
"706","domesticviolence"
"707","survivorsofabuse"
"708","survivorsofabuse"
"709","anxiety"
"710","relationships"
"711","ptsd"
"712","ptsd"
"713","relationships"
"714","domesticviolence"
"715","stress"
"716","relationships"
"717","ptsd"
"718","ptsd"
"719","ptsd"
"720","assistance"
"721","ptsd"
"722","anxiety"
"723","ptsd"
"724","assistance"
"725","ptsd"
"726","ptsd"
"727","ptsd"
"728","ptsd"
"729","relationships"
"730","domesticviolence"
"731","anxiety"
"732","domesticviolence"
"733","domesticviolence"
"734","homeless"
"735","food_pantry"
"736","anxiety"
"737","domesticviolence"
"738","homeless"
"739","anxiety"
"740","relationships"
"741","almosthomeless"
"742","anxiety"
"743","relationships"
"744","relationships"
"745","survivorsofabuse"
"746","ptsd"
"747","anxiety"
"748","assistance"
"749","anxiety"
"750","homeless"
"751","relationships"
"752","ptsd"
"753","survivorsofabuse"
"754","relationships"
"755","ptsd"
"756","domesticviolence"
"757","ptsd"
"758","anxiety"
"759","ptsd"
"760","anxiety"
"761","assistance"
"762","relationships"
"763","anxiety"
"764","relationships"
"765","ptsd"
"766","ptsd"
"767","ptsd"
"768","ptsd"
"769","homeless"
"770","domesticviolence"
"771","relationships"
"772","relationships"
"773","survivorsofabuse"
"774","domesticviolence"
"775","survivorsofabuse"
"776","relationships"
"777","anxiety"
"778","domesticviolence"
"779","assistance"
"780","relationships"
"781","survivorsofabuse"
"782","ptsd"
"783","domesticviolence"
"784","anxiety"
"785","domesticviolence"
"786","ptsd"
"787","relationships"
"788","relationships"
"789","anxiety"
"790","anxiety"
"791","relationships"
"792","ptsd"
"793","ptsd"
"794","relationships"
"795","survivorsofabuse"
"796","anxiety"
"797","relationships"
"798","domesticviolence"
"799","anxiety"
"800","anxiety"
"801","stress"
"802","ptsd"
"803","ptsd"
"804","relationships"
"805","anxiety"
"806","anxiety"
"807","anxiety"
"808","relationships"
"809","homeless"
"810","anxiety"
"811","anxiety"
"812","anxiety"
"813","relationships"
"814","domesticviolence"
"815","domesticviolence"
"816","relationships"
"817","anxiety"
"818","domesticviolence"
"819","assistance"
"820","almosthomeless"
"821","homeless"
"822","relationships"
"823","relationships"
"824","domesticviolence"
"825","ptsd"
"826","anxiety"
"827","assistance"
"828","anxiety"
"829","ptsd"
"830","anxiety"
"831","anxiety"
"832","anxiety"
"833","relationships"
"834","relationships"
"835","survivorsofabuse"
"836","relationships"
"837","ptsd"
"838","relationships"
"839","homeless"
"840","domesticviolence"
"841","relationships"
"842","relationships"
"843","anxiety"
"844","anxiety"
"845","ptsd"
"846","ptsd"
"847","domesticviolence"
"848","relationships"
"849","homeless"
"850","relationships"
"851","anxiety"
"852","stress"
"853","survivorsofabuse"
"854","anxiety"
"855","assistance"
"856","ptsd"
"857","survivorsofabuse"
"858","assistance"
"859","relationships"
"860","survivorsofabuse"
"861","relationships"
"862","homeless"
"863","ptsd"
"864","survivorsofabuse"
"865","relationships"
"866","anxiety"
"867","assistance"
"868","domesticviolence"
"869","domesticviolence"
"870","relationships"
"871","survivorsofabuse"
"872","domesticviolence"
"873","ptsd"
"874","domesticviolence"
"875","relationships"
"876","anxiety"
"877","food_pantry"
"878","domesticviolence"
"879","assistance"
"880","relationships"
"881","assistance"
"882","ptsd"
"883","homeless"
"884","anxiety"
"885","ptsd"
"886","relationships"
"887","ptsd"
"888","assistance"
"889","domesticviolence"
"890","assistance"
"891","relationships"
"892","anxiety"
"893","domesticviolence"
"894","assistance"
"895","domesticviolence"
"896","survivorsofabuse"
"897","survivorsofabuse"
"898","survivorsofabuse"
"899","ptsd"
"900","homeless"
"901","stress"
"902","relationships"
"903","anxiety"
"904","relationships"
"905","ptsd"
"906","domesticviolence"
"907","survivorsofabuse"
"908","survivorsofabuse"
"909","anxiety"
"910","ptsd"
"911","relationships"
"912","ptsd"
"913","assistance"
"914","relationships"
"915","assistance"
"916","relationships"
"917","relationships"
"918","ptsd"
"919","relationships"
"920","ptsd"
"921","relationships"
"922","domesticviolence"
"923","assistance"
"924","domesticviolence"
"925","assistance"
"926","survivorsofabuse"
"927","survivorsofabuse"
"928","domesticviolence"
"929","relationships"
"930","anxiety"
"931","ptsd"
"932","anxiety"
"933","homeless"
"934","relationships"
"935","assistance"
"936","ptsd"
"937","homeless"
"938","relationships"
"939","relationships"
"940","ptsd"
"941","ptsd"
"942","almosthomeless"
"943","assistance"
"944","homeless"
"945","ptsd"
"946","survivorsofabuse"
"947","survivorsofabuse"
"948","ptsd"
"949","domesticviolence"
"950","survivorsofabuse"
"951","anxiety"
"952","ptsd"
"953","relationships"
"954","ptsd"
"955","assistance"
"956","ptsd"
"957","relationships"
"958","assistance"
"959","ptsd"
"960","anxiety"
"961","assistance"
"962","relationships"
"963","relationships"
"964","assistance"
"965","anxiety"
"966","relationships"
"967","relationships"
"968","anxiety"
"969","domesticviolence"
"970","anxiety"
"971","assistance"
"972","stress"
"973","survivorsofabuse"
"974","ptsd"
"975","ptsd"
"976","survivorsofabuse"
"977","almosthomeless"
"978","anxiety"
"979","ptsd"
"980","ptsd"
"981","ptsd"
"982","assistance"
"983","ptsd"
"984","ptsd"
"985","domesticviolence"
"986","anxiety"
"987","relationships"
"988","anxiety"
"989","assistance"
"990","relationships"
"991","ptsd"
"992","relationships"
"993","stress"
"994","assistance"
"995","ptsd"
"996","relationships"
"997","ptsd"
"998","homeless"
"999","anxiety"
"1000","survivorsofabuse"
"1001","ptsd"
"1002","anxiety"
"1003","ptsd"
"1004","relationships"
"1005","domesticviolence"
"1006","anxiety"
"1007","ptsd"
"1008","homeless"
"1009","relationships"
"1010","domesticviolence"
"1011","relationships"
"1012","anxiety"
"1013","assistance"
"1014","anxiety"
"1015","relationships"
"1016","domesticviolence"
"1017","anxiety"
"1018","ptsd"
"1019","almosthomeless"
"1020","almosthomeless"
"1021","anxiety"
"1022","ptsd"
"1023","relationships"
"1024","relationships"
"1025","anxiety"
"1026","relationships"
"1027","relationships"
"1028","homeless"
"1029","relationships"
"1030","homeless"
"1031","survivorsofabuse"
"1032","ptsd"
"1033","domesticviolence"
"1034","assistance"
"1035","relationships"
"1036","survivorsofabuse"
"1037","relationships"
"1038","relationships"
"1039","relationships"
"1040","relationships"
"1041","homeless"
"1042","ptsd"
"1043","anxiety"
"1044","anxiety"
"1045","ptsd"
"1046","ptsd"
"1047","relationships"
"1048","assistance"
"1049","anxiety"
"1050","almosthomeless"
"1051","relationships"
"1052","assistance"
"1053","ptsd"
"1054","relationships"
"1055","ptsd"
"1056","survivorsofabuse"
"1057","anxiety"
"1058","assistance"
"1059","food_pantry"
"1060","domesticviolence"
"1061","relationships"
"1062","survivorsofabuse"
"1063","anxiety"
"1064","ptsd"
"1065","assistance"
"1066","ptsd"
"1067","stress"
"1068","assistance"
"1069","ptsd"
"1070","ptsd"
"1071","domesticviolence"
"1072","anxiety"
"1073","ptsd"
"1074","ptsd"
"1075","anxiety"
"1076","assistance"
"1077","ptsd"
"1078","anxiety"
"1079","relationships"
"1080","survivorsofabuse"
"1081","relationships"
"1082","assistance"
"1083","stress"
"1084","assistance"
"1085","domesticviolence"
"1086","relationships"
"1087","ptsd"
"1088","assistance"
"1089","assistance"
"1090","anxiety"
"1091","relationships"
"1092","assistance"
"1093","homeless"
"1094","ptsd"
"1095","almosthomeless"
"1096","anxiety"
"1097","assistance"
"1098","survivorsofabuse"
"1099","assistance"
"1100","ptsd"
"1101","almosthomeless"
"1102","ptsd"
"1103","relationships"
"1104","domesticviolence"
"1105","anxiety"
"1106","relationships"
"1107","almosthomeless"
"1108","anxiety"
"1109","almosthomeless"
"1110","assistance"
"1111","ptsd"
"1112","relationships"
"1113","stress"
"1114","domesticviolence"
"1115","ptsd"
"1116","ptsd"
"1117","relationships"
"1118","ptsd"
"1119","relationships"
"1120","survivorsofabuse"
"1121","anxiety"
"1122","assistance"
"1123","assistance"
"1124","assistance"
"1125","survivorsofabuse"
"1126","relationships"
"1127","homeless"
"1128","almosthomeless"
"1129","relationships"
"1130","anxiety"
"1131","anxiety"
"1132","relationships"
"1133","assistance"
"1134","relationships"
"1135","relationships"
"1136","relationships"
"1137","homeless"
"1138","domesticviolence"
"1139","almosthomeless"
"1140","survivorsofabuse"
"1141","anxiety"
"1142","domesticviolence"
"1143","homeless"
"1144","ptsd"
"1145","domesticviolence"
"1146","survivorsofabuse"
"1147","stress"
"1148","anxiety"
"1149","relationships"
"1150","domesticviolence"
"1151","anxiety"
"1152","relationships"
"1153","relationships"
"1154","relationships"
"1155","assistance"
"1156","anxiety"
"1157","relationships"
"1158","anxiety"
"1159","relationships"
"1160","relationships"
"1161","relationships"
"1162","anxiety"
"1163","anxiety"
"1164","ptsd"
"1165","relationships"
"1166","relationships"
"1167","homeless"
"1168","almosthomeless"
"1169","survivorsofabuse"
"1170","ptsd"
"1171","anxiety"
"1172","ptsd"
"1173","ptsd"
"1174","anxiety"
"1175","relationships"
"1176","ptsd"
"1177","assistance"
"1178","relationships"
"1179","assistance"
"1180","ptsd"
"1181","ptsd"
"1182","relationships"
"1183","survivorsofabuse"
"1184","anxiety"
"1185","assistance"
"1186","almosthomeless"
"1187","domesticviolence"
"1188","relationships"
"1189","ptsd"
"1190","domesticviolence"
"1191","anxiety"
"1192","anxiety"
"1193","relationships"
"1194","ptsd"
"1195","ptsd"
"1196","ptsd"
"1197","relationships"
"1198","anxiety"
"1199","domesticviolence"
"1200","ptsd"
"1201","survivorsofabuse"
"1202","almosthomeless"
"1203","survivorsofabuse"
"1204","survivorsofabuse"
"1205","stress"
"1206","anxiety"
"1207","anxiety"
"1208","relationships"
"1209","domesticviolence"
"1210","relationships"
"1211","relationships"
"1212","domesticviolence"
"1213","domesticviolence"
"1214","domesticviolence"
"1215","ptsd"
"1216","anxiety"
"1217","relationships"
"1218","assistance"
"1219","domesticviolence"
"1220","anxiety"
"1221","ptsd"
"1222","assistance"
"1223","assistance"
"1224","assistance"
"1225","assistance"
"1226","domesticviolence"
"1227","ptsd"
"1228","homeless"
"1229","ptsd"
"1230","domesticviolence"
"1231","ptsd"
"1232","relationships"
"1233","anxiety"
"1234","relationships"
"1235","ptsd"
"1236","ptsd"
"1237","anxiety"
"1238","ptsd"
"1239","ptsd"
"1240","survivorsofabuse"
"1241","assistance"
"1242","domesticviolence"
"1243","relationships"
"1244","ptsd"
"1245","anxiety"
"1246","assistance"
"1247","anxiety"
"1248","assistance"
"1249","relationships"
"1250","relationships"
"1251","ptsd"
"1252","anxiety"
"1253","anxiety"
"1254","ptsd"
"1255","assistance"
"1256","survivorsofabuse"
"1257","ptsd"
"1258","assistance"
"1259","assistance"
"1260","relationships"
"1261","anxiety"
"1262","relationships"
"1263","ptsd"
"1264","anxiety"
"1265","anxiety"
"1266","ptsd"
"1267","ptsd"
"1268","almosthomeless"
"1269","ptsd"
"1270","food_pantry"
"1271","stress"
"1272","relationships"
"1273","anxiety"
"1274","anxiety"
"1275","anxiety"
"1276","relationships"
"1277","ptsd"
"1278","relationships"
"1279","domesticviolence"
"1280","anxiety"
"1281","anxiety"
"1282","anxiety"
"1283","almosthomeless"
"1284","relationships"
"1285","assistance"
"1286","stress"
"1287","assistance"
"1288","relationships"
"1289","assistance"
"1290","survivorsofabuse"
"1291","relationships"
"1292","ptsd"
"1293","assistance"
"1294","domesticviolence"
"1295","anxiety"
"1296","assistance"
"1297","survivorsofabuse"
"1298","homeless"
"1299","homeless"
"1300","assistance"
"1301","survivorsofabuse"
"1302","anxiety"
"1303","anxiety"
"1304","homeless"
"1305","anxiety"
"1306","survivorsofabuse"
"1307","anxiety"
"1308","ptsd"
"1309","homeless"
"1310","stress"
"1311","ptsd"
"1312","homeless"
"1313","food_pantry"
"1314","stress"
"1315","domesticviolence"
"1316","anxiety"
"1317","almosthomeless"
"1318","survivorsofabuse"
"1319","ptsd"
"1320","anxiety"
"1321","homeless"
"1322","ptsd"
"1323","survivorsofabuse"
"1324","relationships"
"1325","relationships"
"1326","anxiety"
"1327","stress"
"1328","survivorsofabuse"
"1329","ptsd"
"1330","ptsd"
"1331","assistance"
"1332","stress"
"1333","domesticviolence"
"1334","assistance"
"1335","homeless"
"1336","anxiety"
"1337","homeless"
"1338","domesticviolence"
"1339","relationships"
"1340","anxiety"
"1341","ptsd"
"1342","ptsd"
"1343","homeless"
"1344","ptsd"
"1345","ptsd"
"1346","anxiety"
"1347","ptsd"
"1348","anxiety"
"1349","assistance"
"1350","survivorsofabuse"
"1351","ptsd"
"1352","relationships"
"1353","ptsd"
"1354","stress"
"1355","assistance"
"1356","ptsd"
"1357","domesticviolence"
"1358","anxiety"
"1359","ptsd"
"1360","domesticviolence"
"1361","survivorsofabuse"
"1362","ptsd"
"1363","ptsd"
"1364","anxiety"
"1365","relationships"
"1366","relationships"
"1367","domesticviolence"
"1368","ptsd"
"1369","food_pantry"
"1370","relationships"
"1371","ptsd"
"1372","ptsd"
"1373","survivorsofabuse"
"1374","relationships"
"1375","ptsd"
"1376","homeless"
"1377","relationships"
"1378","food_pantry"
"1379","relationships"
"1380","ptsd"
"1381","anxiety"
"1382","assistance"
"1383","relationships"
"1384","assistance"
"1385","ptsd"
"1386","survivorsofabuse"
"1387","homeless"
"1388","ptsd"
"1389","anxiety"
"1390","survivorsofabuse"
"1391","assistance"
"1392","stress"
"1393","ptsd"
"1394","food_pantry"
"1395","assistance"
"1396","anxiety"
"1397","relationships"
"1398","anxiety"
"1399","assistance"
"1400","ptsd"
"1401","ptsd"
"1402","relationships"
"1403","relationships"
"1404","relationships"
"1405","survivorsofabuse"
"1406","ptsd"
"1407","anxiety"
"1408","homeless"
"1409","assistance"
"1410","ptsd"
"1411","relationships"
"1412","ptsd"
"1413","survivorsofabuse"
"1414","relationships"
"1415","anxiety"
"1416","domesticviolence"
"1417","relationships"
"1418","almosthomeless"
"1419","relationships"
"1420","anxiety"
"1421","relationships"
"1422","homeless"
"1423","homeless"
"1424","domesticviolence"
"1425","homeless"
"1426","relationships"
"1427","ptsd"
"1428","relationships"
"1429","survivorsofabuse"
"1430","relationships"
"1431","ptsd"
"1432","assistance"
"1433","ptsd"
"1434","ptsd"
"1435","relationships"
"1436","homeless"
"1437","domesticviolence"
"1438","relationships"
"1439","stress"
"1440","anxiety"
"1441","relationships"
"1442","almosthomeless"
"1443","domesticviolence"
"1444","ptsd"
"1445","assistance"
"1446","assistance"
"1447","assistance"
"1448","relationships"
"1449","anxiety"
"1450","domesticviolence"
"1451","stress"
"1452","relationships"
"1453","anxiety"
"1454","relationships"
"1455","relationships"
"1456","food_pantry"
"1457","relationships"
"1458","anxiety"
"1459","assistance"
"1460","homeless"
"1461","ptsd"
"1462","ptsd"
"1463","anxiety"
"1464","anxiety"
"1465","food_pantry"
"1466","anxiety"
"1467","ptsd"
"1468","relationships"
"1469","ptsd"
"1470","ptsd"
"1471","anxiety"
"1472","ptsd"
"1473","domesticviolence"
"1474","domesticviolence"
"1475","relationships"
"1476","survivorsofabuse"
"1477","domesticviolence"
"1478","anxiety"
"1479","food_pantry"
"1480","homeless"
"1481","survivorsofabuse"
"1482","ptsd"
"1483","relationships"
"1484","assistance"
"1485","anxiety"
"1486","ptsd"
"1487","relationships"
"1488","ptsd"
"1489","homeless"
"1490","ptsd"
"1491","relationships"
"1492","relationships"
"1493","relationships"
"1494","domesticviolence"
"1495","assistance"
"1496","almosthomeless"
"1497","anxiety"
"1498","anxiety"
"1499","ptsd"
"1500","relationships"
"1501","anxiety"
"1502","relationships"
"1503","assistance"
"1504","anxiety"
"1505","anxiety"
"1506","anxiety"
"1507","anxiety"
"1508","anxiety"
"1509","domesticviolence"
"1510","anxiety"
"1511","stress"
"1512","assistance"
"1513","relationships"
"1514","ptsd"
"1515","survivorsofabuse"
"1516","assistance"
"1517","relationships"
"1518","relationships"
"1519","ptsd"
"1520","ptsd"
"1521","anxiety"
"1522","assistance"
"1523","relationships"
"1524","relationships"
"1525","ptsd"
"1526","anxiety"
"1527","ptsd"
"1528","domesticviolence"
"1529","homeless"
"1530","ptsd"
"1531","domesticviolence"
"1532","assistance"
"1533","ptsd"
"1534","anxiety"
"1535","assistance"
"1536","relationships"
"1537","anxiety"
"1538","ptsd"
"1539","ptsd"
"1540","survivorsofabuse"
"1541","relationships"
"1542","ptsd"
"1543","ptsd"
"1544","relationships"
"1545","domesticviolence"
"1546","ptsd"
"1547","ptsd"
"1548","survivorsofabuse"
"1549","homeless"
"1550","relationships"
"1551","ptsd"
"1552","ptsd"
"1553","assistance"
"1554","survivorsofabuse"
"1555","ptsd"
"1556","anxiety"
"1557","assistance"
"1558","domesticviolence"
"1559","anxiety"
"1560","ptsd"
"1561","domesticviolence"
"1562","relationships"
"1563","homeless"
"1564","anxiety"
"1565","survivorsofabuse"
"1566","domesticviolence"
"1567","stress"
"1568","homeless"
"1569","relationships"
"1570","ptsd"
"1571","anxiety"
"1572","domesticviolence"
"1573","anxiety"
"1574","survivorsofabuse"
"1575","anxiety"
"1576","assistance"
"1577","survivorsofabuse"
"1578","stress"
"1579","ptsd"
"1580","survivorsofabuse"
"1581","relationships"
"1582","survivorsofabuse"
"1583","homeless"
"1584","ptsd"
"1585","relationships"
"1586","survivorsofabuse"
"1587","ptsd"
"1588","ptsd"
"1589","anxiety"
"1590","ptsd"
"1591","relationships"
"1592","domesticviolence"
"1593","anxiety"
"1594","relationships"
"1595","anxiety"
"1596","survivorsofabuse"
"1597","relationships"
"1598","domesticviolence"
"1599","survivorsofabuse"
"1600","ptsd"
"1601","homeless"
"1602","relationships"
"1603","domesticviolence"
"1604","survivorsofabuse"
"1605","ptsd"
"1606","ptsd"
"1607","ptsd"
"1608","ptsd"
"1609","domesticviolence"
"1610","relationships"
"1611","domesticviolence"
"1612","survivorsofabuse"
"1613","ptsd"
"1614","ptsd"
"1615","ptsd"
"1616","homeless"
"1617","homeless"
"1618","anxiety"
"1619","homeless"
"1620","domesticviolence"
"1621","assistance"
"1622","domesticviolence"
"1623","almosthomeless"
"1624","survivorsofabuse"
"1625","anxiety"
"1626","homeless"
"1627","anxiety"
"1628","anxiety"
"1629","homeless"
"1630","domesticviolence"
"1631","ptsd"
"1632","stress"
"1633","ptsd"
"1634","assistance"
"1635","assistance"
"1636","anxiety"
"1637","assistance"
"1638","assistance"
"1639","anxiety"
"1640","assistance"
"1641","assistance"
"1642","relationships"
"1643","relationships"
"1644","assistance"
"1645","assistance"
"1646","ptsd"
"1647","anxiety"
"1648","anxiety"
"1649","anxiety"
"1650","relationships"
"1651","anxiety"
"1652","relationships"
"1653","homeless"
"1654","ptsd"
"1655","ptsd"
"1656","ptsd"
"1657","domesticviolence"
"1658","survivorsofabuse"
"1659","almosthomeless"
"1660","relationships"
"1661","homeless"
"1662","stress"
"1663","ptsd"
"1664","ptsd"
"1665","relationships"
"1666","anxiety"
"1667","relationships"
"1668","domesticviolence"
"1669","relationships"
"1670","domesticviolence"
"1671","almosthomeless"
"1672","relationships"
"1673","assistance"
"1674","almosthomeless"
"1675","survivorsofabuse"
"1676","anxiety"
"1677","anxiety"
"1678","stress"
"1679","anxiety"
"1680","anxiety"
"1681","relationships"
"1682","ptsd"
"1683","anxiety"
"1684","homeless"
"1685","ptsd"
"1686","assistance"
"1687","homeless"
"1688","domesticviolence"
"1689","ptsd"
"1690","anxiety"
"1691","anxiety"
"1692","relationships"
"1693","domesticviolence"
"1694","stress"
"1695","relationships"
"1696","homeless"
"1697","homeless"
"1698","domesticviolence"
"1699","homeless"
"1700","assistance"
"1701","almosthomeless"
"1702","almosthomeless"
"1703","homeless"
"1704","survivorsofabuse"
"1705","survivorsofabuse"
"1706","anxiety"
"1707","anxiety"
"1708","domesticviolence"
"1709","relationships"
"1710","relationships"
"1711","ptsd"
"1712","homeless"
"1713","survivorsofabuse"
"1714","homeless"
"1715","anxiety"
"1716","survivorsofabuse"
"1717","ptsd"
"1718","homeless"
"1719","survivorsofabuse"
"1720","anxiety"
"1721","ptsd"
"1722","ptsd"
"1723","stress"
"1724","relationships"
"1725","relationships"
"1726","domesticviolence"
"1727","ptsd"
"1728","anxiety"
"1729","relationships"
"1730","domesticviolence"
"1731","survivorsofabuse"
"1732","homeless"
"1733","anxiety"
"1734","relationships"
"1735","survivorsofabuse"
"1736","ptsd"
"1737","survivorsofabuse"
"1738","ptsd"
"1739","relationships"
"1740","anxiety"
"1741","stress"
"1742","ptsd"
"1743","anxiety"
"1744","assistance"
"1745","relationships"
"1746","relationships"
"1747","almosthomeless"
"1748","relationships"
"1749","domesticviolence"
"1750","relationships"
"1751","anxiety"
"1752","anxiety"
"1753","homeless"
"1754","domesticviolence"
"1755","assistance"
"1756","homeless"
"1757","ptsd"
"1758","domesticviolence"
"1759","homeless"
"1760","survivorsofabuse"
"1761","ptsd"
"1762","assistance"
"1763","survivorsofabuse"
"1764","ptsd"
"1765","relationships"
"1766","ptsd"
"1767","domesticviolence"
"1768","almosthomeless"
"1769","domesticviolence"
"1770","stress"
"1771","assistance"
"1772","assistance"
"1773","ptsd"
"1774","relationships"
"1775","ptsd"
"1776","domesticviolence"
"1777","domesticviolence"
"1778","homeless"
"1779","homeless"
"1780","anxiety"
"1781","ptsd"
"1782","domesticviolence"
"1783","ptsd"
"1784","relationships"
"1785","almosthomeless"
"1786","ptsd"
"1787","relationships"
"1788","relationships"
"1789","survivorsofabuse"
"1790","ptsd"
"1791","homeless"
"1792","anxiety"
"1793","homeless"
"1794","ptsd"
"1795","survivorsofabuse"
"1796","anxiety"
"1797","relationships"
"1798","homeless"
"1799","survivorsofabuse"
"1800","domesticviolence"
"1801","survivorsofabuse"
"1802","anxiety"
"1803","ptsd"
"1804","stress"
"1805","domesticviolence"
"1806","ptsd"
"1807","anxiety"
"1808","ptsd"
"1809","domesticviolence"
"1810","survivorsofabuse"
"1811","relationships"
"1812","domesticviolence"
"1813","homeless"
"1814","ptsd"
"1815","ptsd"
"1816","relationships"
"1817","survivorsofabuse"
"1818","assistance"
"1819","ptsd"
"1820","anxiety"
"1821","survivorsofabuse"
"1822","relationships"
"1823","anxiety"
"1824","assistance"
"1825","relationships"
"1826","homeless"
"1827","relationships"
"1828","anxiety"
"1829","ptsd"
"1830","relationships"
"1831","domesticviolence"
"1832","homeless"
"1833","anxiety"
"1834","relationships"
"1835","ptsd"
"1836","relationships"
"1837","anxiety"
"1838","ptsd"
"1839","assistance"
"1840","assistance"
"1841","ptsd"
"1842","stress"
"1843","ptsd"
"1844","survivorsofabuse"
"1845","almosthomeless"
"1846","anxiety"
"1847","domesticviolence"
"1848","ptsd"
"1849","relationships"
"1850","survivorsofabuse"
"1851","survivorsofabuse"
"1852","homeless"
"1853","anxiety"
"1854","homeless"
"1855","anxiety"
"1856","assistance"
"1857","survivorsofabuse"
"1858","anxiety"
"1859","domesticviolence"
"1860","relationships"
"1861","homeless"
"1862","assistance"
"1863","relationships"
"1864","anxiety"
"1865","domesticviolence"
"1866","stress"
"1867","relationships"
"1868","ptsd"
"1869","ptsd"
"1870","survivorsofabuse"
"1871","relationships"
"1872","almosthomeless"
"1873","survivorsofabuse"
"1874","survivorsofabuse"
"1875","ptsd"
"1876","ptsd"
"1877","relationships"
"1878","relationships"
"1879","domesticviolence"
"1880","survivorsofabuse"
"1881","homeless"
"1882","anxiety"
"1883","homeless"
"1884","ptsd"
"1885","assistance"
"1886","anxiety"
"1887","ptsd"
"1888","homeless"
"1889","assistance"
"1890","anxiety"
"1891","ptsd"
"1892","homeless"
"1893","assistance"
"1894","relationships"
"1895","homeless"
"1896","relationships"
"1897","survivorsofabuse"
"1898","domesticviolence"
"1899","almosthomeless"
"1900","domesticviolence"
"1901","stress"
"1902","anxiety"
"1903","relationships"
"1904","domesticviolence"
"1905","anxiety"
"1906","survivorsofabuse"
"1907","homeless"
"1908","relationships"
"1909","survivorsofabuse"
"1910","anxiety"
"1911","survivorsofabuse"
"1912","anxiety"
"1913","ptsd"
"1914","ptsd"
"1915","homeless"
"1916","anxiety"
"1917","assistance"
"1918","homeless"
"1919","domesticviolence"
"1920","survivorsofabuse"
"1921","food_pantry"
"1922","ptsd"
"1923","homeless"
"1924","domesticviolence"
"1925","relationships"
"1926","ptsd"
"1927","relationships"
"1928","anxiety"
"1929","domesticviolence"
"1930","assistance"
"1931","ptsd"
"1932","almosthomeless"
"1933","survivorsofabuse"
"1934","relationships"
"1935","homeless"
"1936","survivorsofabuse"
"1937","relationships"
"1938","assistance"
"1939","homeless"
"1940","anxiety"
"1941","survivorsofabuse"
"1942","domesticviolence"
"1943","relationships"
"1944","almosthomeless"
"1945","relationships"
"1946","assistance"
"1947","relationships"
"1948","relationships"
"1949","relationships"
"1950","relationships"
"1951","ptsd"
"1952","ptsd"
"1953","domesticviolence"
"1954","survivorsofabuse"
"1955","ptsd"
"1956","relationships"
"1957","relationships"
"1958","relationships"
"1959","ptsd"
"1960","domesticviolence"
"1961","relationships"
"1962","homeless"
"1963","anxiety"
"1964","assistance"
"1965","stress"
"1966","survivorsofabuse"
"1967","anxiety"
"1968","relationships"
"1969","relationships"
"1970","ptsd"
"1971","ptsd"
"1972","anxiety"
"1973","ptsd"
"1974","ptsd"
"1975","relationships"
"1976","food_pantry"
"1977","ptsd"
"1978","anxiety"
"1979","relationships"
"1980","ptsd"
"1981","relationships"
"1982","ptsd"
"1983","assistance"
"1984","ptsd"
"1985","ptsd"
"1986","assistance"
"1987","stress"
"1988","anxiety"
"1989","survivorsofabuse"
"1990","assistance"
"1991","anxiety"
"1992","anxiety"
"1993","ptsd"
"1994","assistance"
"1995","assistance"
"1996","assistance"
"1997","anxiety"
"1998","assistance"
"1999","domesticviolence"
"2000","assistance"
"2001","relationships"
"2002","survivorsofabuse"
"2003","domesticviolence"
"2004","ptsd"
"2005","domesticviolence"
"2006","almosthomeless"
"2007","ptsd"
"2008","assistance"
"2009","anxiety"
"2010","assistance"
"2011","relationships"
"2012","anxiety"
"2013","relationships"
"2014","relationships"
"2015","homeless"
"2016","anxiety"
"2017","domesticviolence"
"2018","ptsd"
"2019","assistance"
"2020","ptsd"
"2021","domesticviolence"
"2022","survivorsofabuse"
"2023","homeless"
"2024","anxiety"
"2025","anxiety"
"2026","assistance"
"2027","almosthomeless"
"2028","ptsd"
"2029","assistance"
"2030","homeless"
"2031","survivorsofabuse"
"2032","anxiety"
"2033","homeless"
"2034","homeless"
"2035","domesticviolence"
"2036","anxiety"
"2037","domesticviolence"
"2038","survivorsofabuse"
"2039","homeless"
"2040","ptsd"
"2041","assistance"
"2042","ptsd"
"2043","assistance"
"2044","anxiety"
"2045","relationships"
"2046","anxiety"
"2047","relationships"
"2048","relationships"
"2049","domesticviolence"
"2050","survivorsofabuse"
"2051","relationships"
"2052","anxiety"
"2053","anxiety"
"2054","domesticviolence"
"2055","ptsd"
"2056","domesticviolence"
"2057","relationships"
"2058","stress"
"2059","food_pantry"
"2060","survivorsofabuse"
"2061","homeless"
"2062","anxiety"
"2063","domesticviolence"
"2064","anxiety"
"2065","survivorsofabuse"
"2066","ptsd"
"2067","ptsd"
"2068","anxiety"
"2069","relationships"
"2070","relationships"
"2071","homeless"
"2072","ptsd"
"2073","ptsd"
"2074","relationships"
"2075","homeless"
"2076","ptsd"
"2077","survivorsofabuse"
"2078","ptsd"
"2079","homeless"
"2080","relationships"
"2081","homeless"
"2082","anxiety"
"2083","relationships"
"2084","survivorsofabuse"
"2085","relationships"
"2086","survivorsofabuse"
"2087","survivorsofabuse"
"2088","survivorsofabuse"
"2089","ptsd"
"2090","relationships"
"2091","anxiety"
"2092","ptsd"
"2093","stress"
"2094","anxiety"
"2095","ptsd"
"2096","assistance"
"2097","survivorsofabuse"
"2098","survivorsofabuse"
"2099","relationships"
"2100","survivorsofabuse"
"2101","anxiety"
"2102","ptsd"
"2103","homeless"
"2104","relationships"
"2105","anxiety"
"2106","ptsd"
"2107","ptsd"
"2108","relationships"
"2109","food_pantry"
"2110","relationships"
"2111","anxiety"
"2112","anxiety"
"2113","ptsd"
"2114","assistance"
"2115","domesticviolence"
"2116","domesticviolence"
"2117","relationships"
"2118","relationships"
"2119","domesticviolence"
"2120","survivorsofabuse"
"2121","survivorsofabuse"
"2122","homeless"
"2123","anxiety"
"2124","anxiety"
"2125","ptsd"
"2126","ptsd"
"2127","relationships"
"2128","almosthomeless"
"2129","ptsd"
"2130","relationships"
"2131","ptsd"
"2132","almosthomeless"
"2133","ptsd"
"2134","anxiety"
"2135","relationships"
"2136","anxiety"
"2137","relationships"
"2138","stress"
"2139","ptsd"
"2140","ptsd"
"2141","relationships"
"2142","relationships"
"2143","ptsd"
"2144","assistance"
"2145","relationships"
"2146","relationships"
"2147","assistance"
"2148","ptsd"
"2149","assistance"
"2150","domesticviolence"
"2151","survivorsofabuse"
"2152","homeless"
"2153","ptsd"
"2154","anxiety"
"2155","assistance"
"2156","anxiety"
"2157","relationships"
"2158","anxiety"
"2159","assistance"
"2160","ptsd"
"2161","relationships"
"2162","ptsd"
"2163","relationships"
"2164","relationships"
"2165","relationships"
"2166","homeless"
"2167","survivorsofabuse"
"2168","relationships"
"2169","relationships"
"2170","survivorsofabuse"
"2171","relationships"
"2172","ptsd"
"2173","almosthomeless"
"2174","relationships"
"2175","ptsd"
"2176","ptsd"
"2177","relationships"
"2178","relationships"
"2179","ptsd"
"2180","domesticviolence"
"2181","relationships"
"2182","relationships"
"2183","stress"
"2184","domesticviolence"
"2185","relationships"
"2186","ptsd"
"2187","ptsd"
"2188","relationships"
"2189","ptsd"
"2190","anxiety"
"2191","ptsd"
"2192","assistance"
"2193","homeless"
"2194","relationships"
"2195","assistance"
"2196","anxiety"
"2197","domesticviolence"
"2198","relationships"
"2199","survivorsofabuse"
"2200","assistance"
"2201","survivorsofabuse"
"2202","relationships"
"2203","survivorsofabuse"
"2204","ptsd"
"2205","domesticviolence"
"2206","anxiety"
"2207","anxiety"
"2208","ptsd"
"2209","anxiety"
"2210","stress"
"2211","ptsd"
"2212","ptsd"
"2213","anxiety"
"2214","anxiety"
"2215","domesticviolence"
"2216","homeless"
"2217","assistance"
"2218","relationships"
"2219","domesticviolence"
"2220","domesticviolence"
"2221","ptsd"
"2222","ptsd"
"2223","ptsd"
"2224","assistance"
"2225","ptsd"
"2226","anxiety"
"2227","stress"
"2228","anxiety"
"2229","relationships"
"2230","ptsd"
"2231","stress"
"2232","survivorsofabuse"
"2233","ptsd"
"2234","assistance"
"2235","survivorsofabuse"
"2236","anxiety"
"2237","relationships"
"2238","survivorsofabuse"
"2239","relationships"
"2240","relationships"
"2241","relationships"
"2242","survivorsofabuse"
"2243","assistance"
"2244","ptsd"
"2245","stress"
"2246","ptsd"
"2247","anxiety"
"2248","anxiety"
"2249","anxiety"
"2250","anxiety"
"2251","domesticviolence"
"2252","domesticviolence"
"2253","ptsd"
"2254","domesticviolence"
"2255","domesticviolence"
"2256","ptsd"
"2257","almosthomeless"
"2258","assistance"
"2259","relationships"
"2260","anxiety"
"2261","survivorsofabuse"
"2262","relationships"
"2263","anxiety"
"2264","anxiety"
"2265","relationships"
"2266","homeless"
"2267","ptsd"
"2268","anxiety"
"2269","anxiety"
"2270","relationships"
"2271","assistance"
"2272","ptsd"
"2273","homeless"
"2274","homeless"
"2275","ptsd"
"2276","ptsd"
"2277","anxiety"
"2278","ptsd"
"2279","ptsd"
"2280","domesticviolence"
"2281","domesticviolence"
"2282","anxiety"
"2283","food_pantry"
"2284","survivorsofabuse"
"2285","almosthomeless"
"2286","anxiety"
"2287","relationships"
"2288","homeless"
"2289","assistance"
"2290","domesticviolence"
"2291","domesticviolence"
"2292","homeless"
"2293","relationships"
"2294","ptsd"
"2295","survivorsofabuse"
"2296","survivorsofabuse"
"2297","relationships"
"2298","relationships"
"2299","assistance"
"2300","anxiety"
"2301","ptsd"
"2302","ptsd"
"2303","relationships"
"2304","ptsd"
"2305","relationships"
"2306","almosthomeless"
"2307","anxiety"
"2308","relationships"
"2309","ptsd"
"2310","anxiety"
"2311","relationships"
"2312","ptsd"
"2313","relationships"
"2314","ptsd"
"2315","domesticviolence"
"2316","survivorsofabuse"
"2317","relationships"
"2318","ptsd"
"2319","stress"
"2320","domesticviolence"
"2321","assistance"
"2322","ptsd"
"2323","assistance"
"2324","anxiety"
"2325","food_pantry"
"2326","anxiety"
"2327","assistance"
"2328","relationships"
"2329","domesticviolence"
"2330","stress"
"2331","anxiety"
"2332","homeless"
"2333","anxiety"
"2334","assistance"
"2335","domesticviolence"
"2336","ptsd"
"2337","ptsd"
"2338","assistance"
"2339","anxiety"
"2340","anxiety"
"2341","ptsd"
"2342","anxiety"
"2343","anxiety"
"2344","relationships"
"2345","domesticviolence"
"2346","ptsd"
"2347","ptsd"
"2348","survivorsofabuse"
"2349","stress"
"2350","assistance"
"2351","anxiety"
"2352","ptsd"
"2353","ptsd"
"2354","assistance"
"2355","almosthomeless"
"2356","relationships"
"2357","homeless"
"2358","assistance"
"2359","relationships"
"2360","survivorsofabuse"
"2361","food_pantry"
"2362","relationships"
"2363","ptsd"
"2364","domesticviolence"
"2365","anxiety"
"2366","assistance"
"2367","anxiety"
"2368","anxiety"
"2369","domesticviolence"
"2370","assistance"
"2371","relationships"
"2372","domesticviolence"
"2373","anxiety"
"2374","assistance"
"2375","anxiety"
"2376","stress"
"2377","ptsd"
"2378","relationships"
"2379","almosthomeless"
"2380","survivorsofabuse"
"2381","relationships"
"2382","anxiety"
"2383","assistance"
"2384","domesticviolence"
"2385","anxiety"
"2386","relationships"
"2387","assistance"
"2388","ptsd"
"2389","domesticviolence"
"2390","anxiety"
"2391","ptsd"
"2392","assistance"
"2393","survivorsofabuse"
"2394","domesticviolence"
"2395","anxiety"
"2396","ptsd"
"2397","relationships"
"2398","assistance"
"2399","relationships"
"2400","domesticviolence"
"2401","domesticviolence"
"2402","survivorsofabuse"
"2403","survivorsofabuse"
"2404","domesticviolence"
"2405","anxiety"
"2406","assistance"
"2407","anxiety"
"2408","almosthomeless"
"2409","survivorsofabuse"
"2410","ptsd"
"2411","ptsd"
"2412","almosthomeless"
"2413","relationships"
"2414","relationships"
"2415","anxiety"
"2416","relationships"
"2417","domesticviolence"
"2418","assistance"
"2419","anxiety"
"2420","ptsd"
"2421","anxiety"
"2422","relationships"
"2423","assistance"
"2424","anxiety"
"2425","assistance"
"2426","relationships"
"2427","relationships"
"2428","anxiety"
"2429","ptsd"
"2430","relationships"
"2431","anxiety"
"2432","homeless"
"2433","survivorsofabuse"
"2434","relationships"
"2435","assistance"
"2436","survivorsofabuse"
"2437","anxiety"
"2438","relationships"
"2439","domesticviolence"
"2440","anxiety"
"2441","anxiety"
"2442","food_pantry"
"2443","domesticviolence"
"2444","survivorsofabuse"
"2445","relationships"
"2446","anxiety"
"2447","relationships"
"2448","relationships"
"2449","relationships"
"2450","anxiety"
"2451","anxiety"
"2452","domesticviolence"
"2453","domesticviolence"
"2454","relationships"
"2455","homeless"
"2456","survivorsofabuse"
"2457","ptsd"
"2458","relationships"
"2459","anxiety"
"2460","stress"
"2461","assistance"
"2462","relationships"
"2463","ptsd"
"2464","anxiety"
"2465","almosthomeless"
"2466","homeless"
"2467","relationships"
"2468","ptsd"
"2469","domesticviolence"
"2470","domesticviolence"
"2471","ptsd"
"2472","homeless"
"2473","almosthomeless"
"2474","anxiety"
"2475","relationships"
"2476","anxiety"
"2477","ptsd"
"2478","homeless"
"2479","relationships"
"2480","food_pantry"
"2481","domesticviolence"
"2482","relationships"
"2483","anxiety"
"2484","anxiety"
"2485","relationships"
"2486","anxiety"
"2487","domesticviolence"
"2488","domesticviolence"
"2489","anxiety"
"2490","food_pantry"
"2491","survivorsofabuse"
"2492","relationships"
"2493","survivorsofabuse"
"2494","assistance"
"2495","ptsd"
"2496","anxiety"
"2497","domesticviolence"
"2498","relationships"
"2499","anxiety"
"2500","ptsd"
"2501","almosthomeless"
"2502","survivorsofabuse"
"2503","relationships"
"2504","domesticviolence"
"2505","relationships"
"2506","anxiety"
"2507","survivorsofabuse"
"2508","relationships"
"2509","domesticviolence"
"2510","food_pantry"
"2511","food_pantry"
"2512","domesticviolence"
"2513","domesticviolence"
"2514","relationships"
"2515","survivorsofabuse"
"2516","survivorsofabuse"
"2517","relationships"
"2518","almosthomeless"
"2519","relationships"
"2520","relationships"
"2521","relationships"
"2522","assistance"
"2523","survivorsofabuse"
"2524","ptsd"
"2525","almosthomeless"
"2526","almosthomeless"
"2527","ptsd"
"2528","relationships"
"2529","relationships"
"2530","survivorsofabuse"
"2531","anxiety"
"2532","domesticviolence"
"2533","anxiety"
"2534","ptsd"
"2535","assistance"
"2536","domesticviolence"
"2537","anxiety"
"2538","ptsd"
"2539","anxiety"
"2540","relationships"
"2541","ptsd"
"2542","anxiety"
"2543","stress"
"2544","relationships"
"2545","assistance"
"2546","anxiety"
"2547","ptsd"
"2548","ptsd"
"2549","homeless"
"2550","almosthomeless"
"2551","survivorsofabuse"
"2552","ptsd"
"2553","survivorsofabuse"
"2554","ptsd"
"2555","assistance"
"2556","survivorsofabuse"
"2557","assistance"
"2558","ptsd"
"2559","survivorsofabuse"
"2560","ptsd"
"2561","domesticviolence"
"2562","almosthomeless"
"2563","ptsd"
"2564","domesticviolence"
"2565","anxiety"
"2566","anxiety"
"2567","ptsd"
"2568","domesticviolence"
"2569","survivorsofabuse"
"2570","assistance"
"2571","assistance"
"2572","assistance"
"2573","homeless"
"2574","assistance"
"2575","ptsd"
"2576","ptsd"
"2577","almosthomeless"
"2578","anxiety"
"2579","anxiety"
"2580","ptsd"
"2581","ptsd"
"2582","relationships"
"2583","ptsd"
"2584","ptsd"
"2585","ptsd"
"2586","anxiety"
"2587","relationships"
"2588","relationships"
"2589","almosthomeless"
"2590","homeless"
"2591","anxiety"
"2592","relationships"
"2593","anxiety"
"2594","anxiety"
"2595","anxiety"
"2596","almosthomeless"
"2597","relationships"
"2598","ptsd"
"2599","assistance"
"2600","relationships"
"2601","stress"
"2602","domesticviolence"
"2603","homeless"
"2604","anxiety"
"2605","ptsd"
"2606","relationships"
"2607","survivorsofabuse"
"2608","almosthomeless"
"2609","survivorsofabuse"
"2610","domesticviolence"
"2611","domesticviolence"
"2612","survivorsofabuse"
"2613","anxiety"
"2614","survivorsofabuse"
"2615","relationships"
"2616","assistance"
"2617","ptsd"
"2618","food_pantry"
"2619","anxiety"
"2620","domesticviolence"
"2621","ptsd"
"2622","relationships"
"2623","anxiety"
"2624","ptsd"
"2625","relationships"
"2626","relationships"
"2627","homeless"
"2628","assistance"
"2629","ptsd"
"2630","assistance"
"2631","survivorsofabuse"
"2632","domesticviolence"
"2633","domesticviolence"
"2634","ptsd"
"2635","survivorsofabuse"
"2636","assistance"
"2637","ptsd"
"2638","anxiety"
"2639","homeless"
"2640","ptsd"
"2641","survivorsofabuse"
"2642","ptsd"
"2643","relationships"
"2644","relationships"
"2645","assistance"
"2646","ptsd"
"2647","domesticviolence"
"2648","assistance"
"2649","food_pantry"
"2650","relationships"
"2651","survivorsofabuse"
"2652","domesticviolence"
"2653","anxiety"
"2654","anxiety"
"2655","relationships"
"2656","ptsd"
"2657","stress"
"2658","assistance"
"2659","anxiety"
"2660","assistance"
"2661","anxiety"
"2662","anxiety"
"2663","anxiety"
"2664","ptsd"
"2665","domesticviolence"
"2666","domesticviolence"
"2667","anxiety"
"2668","domesticviolence"
"2669","survivorsofabuse"
"2670","domesticviolence"
"2671","assistance"
"2672","relationships"
"2673","almosthomeless"
"2674","assistance"
"2675","anxiety"
"2676","relationships"
"2677","relationships"
"2678","ptsd"
"2679","relationships"
"2680","relationships"
"2681","domesticviolence"
"2682","assistance"
"2683","relationships"
"2684","assistance"
"2685","ptsd"
"2686","ptsd"
"2687","domesticviolence"
"2688","ptsd"
"2689","ptsd"
"2690","relationships"
"2691","relationships"
"2692","anxiety"
"2693","ptsd"
"2694","anxiety"
"2695","domesticviolence"
"2696","anxiety"
"2697","relationships"
"2698","anxiety"
"2699","ptsd"
"2700","ptsd"
"2701","anxiety"
"2702","ptsd"
"2703","ptsd"
"2704","assistance"
"2705","survivorsofabuse"
"2706","ptsd"
"2707","anxiety"
"2708","domesticviolence"
"2709","assistance"
"2710","ptsd"
"2711","anxiety"
"2712","anxiety"
"2713","anxiety"
"2714","anxiety"
"2715","relationships"
"2716","survivorsofabuse"
"2717","ptsd"
"2718","assistance"
"2719","assistance"
"2720","anxiety"
"2721","assistance"
"2722","domesticviolence"
"2723","ptsd"
"2724","domesticviolence"
"2725","ptsd"
"2726","assistance"
"2727","ptsd"
"2728","almosthomeless"
"2729","survivorsofabuse"
"2730","ptsd"
"2731","homeless"
"2732","relationships"
"2733","homeless"
"2734","ptsd"
"2735","assistance"
"2736","anxiety"
"2737","domesticviolence"
"2738","relationships"
"2739","domesticviolence"
"2740","almosthomeless"
"2741","relationships"
"2742","ptsd"
"2743","ptsd"
"2744","anxiety"
"2745","relationships"
"2746","anxiety"
"2747","survivorsofabuse"
"2748","anxiety"
"2749","relationships"
"2750","survivorsofabuse"
"2751","domesticviolence"
"2752","survivorsofabuse"
"2753","domesticviolence"
"2754","relationships"
"2755","ptsd"
"2756","almosthomeless"
"2757","ptsd"
"2758","anxiety"
"2759","ptsd"
"2760","ptsd"
"2761","ptsd"
"2762","survivorsofabuse"
"2763","survivorsofabuse"
"2764","assistance"
"2765","relationships"
"2766","survivorsofabuse"
"2767","ptsd"
"2768","ptsd"
"2769","almosthomeless"
"2770","anxiety"
"2771","domesticviolence"
"2772","anxiety"
"2773","almosthomeless"
"2774","ptsd"
"2775","relationships"
"2776","anxiety"
"2777","homeless"
"2778","assistance"
"2779","relationships"
"2780","ptsd"
"2781","domesticviolence"
"2782","relationships"
"2783","relationships"
"2784","survivorsofabuse"
"2785","ptsd"
"2786","ptsd"
"2787","ptsd"
"2788","anxiety"
"2789","assistance"
"2790","anxiety"
"2791","ptsd"
"2792","relationships"
"2793","relationships"
"2794","domesticviolence"
"2795","ptsd"
"2796","anxiety"
"2797","domesticviolence"
"2798","ptsd"
"2799","anxiety"
"2800","ptsd"
"2801","stress"
"2802","relationships"
"2803","survivorsofabuse"
"2804","domesticviolence"
"2805","anxiety"
"2806","domesticviolence"
"2807","assistance"
"2808","ptsd"
"2809","relationships"
"2810","anxiety"
"2811","ptsd"
"2812","anxiety"
"2813","anxiety"
"2814","assistance"
"2815","ptsd"
"2816","assistance"
"2817","anxiety"
"2818","domesticviolence"
"2819","anxiety"
"2820","anxiety"
"2821","almosthomeless"
"2822","anxiety"
"2823","domesticviolence"
"2824","ptsd"
"2825","relationships"
"2826","relationships"
"2827","domesticviolence"
"2828","assistance"
"2829","domesticviolence"
"2830","assistance"
"2831","relationships"
"2832","anxiety"
"2833","relationships"
"2834","relationships"
"2835","ptsd"
"2836","anxiety"
"2837","almosthomeless"
"2838","ptsd"
